"asc_sfa_nanc","asc_laa_nanc","asc_laa_cmck","asc_laa_msqd","asc_laa_ytna","asc_mna_msqd","asc_sba_msqd","asc_laa_btna","asc_sfa_msqd","asc_mna_psdn","asc_sba_cmck","asc_mra_msqd","asc_laa_psdn","asc_mna_nanc","asc_no_participation","c_btna","c_psdn","w_nanc","w_cmck","w_msqd","w_tuna","w_psdn","lambda_part","lambda_cmck","lambda_msqd","lambda_psdn","lambda_nanc","lambda_tuna","logLike"
-500,-500,-500,-500,-500,-500,-500,-500,-500,-500,-500,-500,-500,-500,0,1,1,1,1,1,1,1,0.9,0.5,0.5,0.5,0.5,0.5,-5428519.53778713
-500,-500,-500,-500,-500,-500,-500,-500,-500,-500,-500,-500,-500,-500,0,1,1,1,1,1,1,1,0.9,0.5,0.5,0.5,0.5,0.5,-5428519.53778713
-500,-500,-500,-500,-500,-500,-500,-500,-500,-500,-500,-500,-500,-500,0,1,1,1,1,1,1,1,0.9,0.5,0.5,0.5,0.5,0.5,-5428519.53778713
-500,-500,-500,-500,-500,-500,-500,-500,-500,-500,-500,-500,-500,-500,0,1,1,1,1,1,1,1,0.9,0.5,0.5,0.5,0.5,0.5,-5428519.53778713
-500.00063444376,-500.000485966206,-499.998811395168,-499.993810703754,-499.999823067188,-499.992126224041,-499.984615182877,-500.000257241726,-500.00083022356,-499.999959299564,-500.00042419672,-500.003620622158,-500.0000821805,-499.996773965359,0,0.999811701774597,0.999487223625183,0.999997220039368,1.00000519275665,1.00050266265869,1.00002485275269,0.999997429847717,0.94153755903244,0.500529842376709,0.540231189727783,0.49997124671936,0.502313261032104,0.500219960212708,-5427096.9537103
-499.99999565771,-499.999696447045,-499.995545698467,-499.993488867744,-499.997399557153,-499.993468172858,-499.993387648105,-499.997018236208,-499.99358572014,-499.995391227026,-499.998965803031,-499.993628864049,-499.995656051422,-499.99221699836,0,1.00111425661045,1.00565173559854,1.00011931359732,1.00010163565501,1.00065484772849,1.00012446307654,1.00015078312584,0.959876728850956,0.503735386639879,0.542026334496333,0.506205213678297,0.508384756143137,0.503890777982021,-5426831.29028824
-500.000105125216,-499.999776802213,-499.995289425674,-499.992315732941,-499.997341096441,-499.991984292815,-499.990518146991,-499.997032217073,-499.993707502443,-499.995336318274,-499.999028887633,-499.994265394925,-499.995625367905,-499.991569583198,0,1.00109275506932,1.00561936503122,1.0001200717684,1.00010362597331,1.00075075398612,1.00013016938681,1.00015189511009,0.967989495013746,0.503868212020405,0.54969947978874,0.506264535564067,0.508880048811706,0.503970048350766,-5426563.18107279
